"[3.260496695257604, 4.485630681914959, 4.622237714431552, 5.055596248838521, 3.5840728860679296, 4.658076442662045, 4.812044832994883, 6.322688163833085, 5.666386874995901, 6.167333901489206, 5.9375888144498585, 6.099682698070764, 6.792086915929158, 6.764102175908379, 7.3725140469947625, 5.223798984563431, 3.057462799892203, 2.3498774353288634, 1.9246902867119107, 2.2894295094223263, 1.416702811819869, 2.189200110973948, 1.9066821175740527, 1.3613689129436615, 0.40523301215025115, 0.17056674648719508, 0.16131665824728003, 0.23254035177638208, 0.13362509060677974, 0.22753903741175838, 1.3126643607699804, 1.9253918600502657, 1.268487130313919, 1.7453303823883817, 1.8293757717385477, 1.3669068718573336, 1.499753242101091, 1.734587029671909, 1.4128250923452552, 1.4471542130953288, 1.5608470540140167, 1.6206480743293596, 1.3072182166684467, 1.4914144043428919, 1.527643329100237, 1.2776434480172214, 0.36395057025075767, 0.25234002294769675, 0.19857157189930796, 0.14495610281432522]","[2, 3, 3, 3, 3, 3, 3, 3, 3, 3, 3, 3, 3, 3, 3, 3, 2, 2, 2, 2, 2, 2, 2, 2, 1, 1, 1, 1, 1, 1, 2, 2, 2, 2, 2, 2, 2, 2, 2, 2, 2, 2, 2, 2, 2, 2, 1, 1, 1, 1]"
"[0.6732086715665164, 3.99931578126358, 3.9117495289971624, 5.037125069172496, 4.4724450138921314, 5.070286089240378, 4.663172577875385, 5.287431989060681, 4.7530650647457575, 4.112138870047994, 4.718832055139299, 4.733863384959957, 4.212010390090345, 4.197892135741279, 3.9493303411342997, 5.528882347230669, 5.404275275696575, 5.246360808898141, 5.9630350852894285, 4.62348733772145, 1.829229606888766, 1.588400341482697, 1.3535962786160116, 1.4694475420107298, 2.015574639451006, 1.622671186191767, 1.6186835445070284, 1.6916278227692019, 1.6788635561638074, 1.495993182776845, 1.5444694061698698, 1.356749794165429, 1.2992982717449926, 1.5539563188461096, 1.746256036235741, 1.482310305340766, 1.494944541101911, 1.5133366334253129, 1.2517329098600873, 1.6587376439640176, 1.5479999895482388, 1.167908598728888, 1.2075485016833343, 1.4129081053056833, 2.1662461308761225, 4.1072524428471215, 5.928097854585326, 5.6518016018944, 7.752492432962317, 7.522623930383852]","[2, 3, 3, 3, 3, 3, 3, 3, 3, 3, 3, 3, 3, 3, 3, 3, 3, 3, 3, 3, 2, 2, 2, 2, 2, 2, 2, 2, 2, 2, 2, 2, 2, 2, 2, 2, 2, 2, 2, 2, 2, 2, 2, 2, 2, 3, 3, 3, 3, 3]"
"[5.406078756317498, 2.905040139575006, 1.7021914759876466, 1.203042895351935, 1.3578974627172113, 1.6024066300604018, 1.9128948768524119, 1.4665100492175427, 1.9602517655794436, 2.5228300121058966, 4.889128327821037, 5.845886553391603, 6.326602590395255, 6.115491061274773, 5.731793706520762, 6.263707232559103, 5.075235654334604, 2.2164749110873165, 2.1199697547427947, 1.7242736840831705, 1.5353118096498024, 1.6743886768524299, 1.989537773810765, 1.6828966512220687, 1.2323325875868516, 0.6299967741475584, 0.16652425678330268, 0.14761714936193215, 0.10028414339683614, 0.12772384178386165, 0.13414602553965332, 0.07999612445465636, 0.08825252261431787, 0.1087616716359714, 0.0980853791226445, 0.18317453163589584, 0.31648789116559994, 1.5196926482446491, 1.5961989353222066, 1.3428592177899648, 1.6807013003679419, 1.7773921552821188, 3.189546637544181, 5.651173130100488, 5.853605016775276, 4.892017693851906, 4.492069113278763, 4.874167855428765, 5.119882387756492, 5.917879727167595]","[3, 2, 2, 2, 2, 2, 2, 2, 2, 2, 3, 3, 3, 3, 3, 3, 3, 2, 2, 2, 2, 2, 2, 2, 2, 2, 1, 1, 1, 1, 1, 1, 1, 1, 1, 1, 1, 2, 2, 2, 2, 2, 2, 3, 3, 3, 3, 3, 3, 3]"
"[5.407118368150675, 5.356467393542481, 6.85417766595196, 6.936976646537902, 5.337372826896558, 5.9144574166950425, 5.420667700413649, 5.383077311869841, 6.129395106410086, 5.920360477380662, 5.8467544063324315, 4.983450916726512, 2.466428434195762, 1.9253410677427587, 1.9935088612951999, 1.6364238868275922, 2.039432724941586, 1.8602049550726807, 1.805918684570152, 1.5170006479825633, 1.463787994101457, 1.7519024839659647, 1.3514017527929305, 0.6578105780923341, 0.2708551013721723, 0.10404972444387413, 0.14113344086314908, 0.14338424338071235, 0.18003779579532442, 0.8335908356845572, 1.5688797478193113, 1.583823753083629, 1.7765297090216285, 1.7711058821044317, 1.9364604772395386, 1.9005082343147714, 1.5453729914044836, 1.4319598051640656, 1.5745313215070293, 1.8582868276879239, 1.8467432928761576, 1.582698862741208, 1.8339715117651931, 1.7020947803974746, 2.044011649376902, 1.8586360445669785, 1.4505378607580532, 0.7346393587126842, 0.40108132328377905, 0.27634893200234745, 0.23329763661028557, 0.21270573321936873, 0.29006147622027445, 1.707047482834582, 2.2168865997220366, 1.8887684263996893, 1.8162252268494996, 1.7519854725689294, 1.5923024029003836, 1.8518196925375414, 1.8482630619248994, 1.5586601750460007, 1.657435500247739, 1.871202005870922, 1.756541512276462, 1.6966617781853786, 1.0232238528414817, 0.37250933800128544, 0.26160796419337745, 0.1751881803941916, 0.11109423849615956, 0.0851956269104608, 0.10219890390558271, 0.07041550470089644, 0.09600380882618005, 0.26670385231856086, 0.7325994021140501, 1.0995388623635194, 1.1956906520017638, 1.8163027191191434, 1.7521689500913318, 1.8579748782299697, 1.5125363640497616]","[3, 3, 3, 3, 3, 3, 3, 3, 3, 3, 3, 3, 2, 2, 2, 2, 2, 2, 2, 2, 2, 2, 2, 2, 1, 1, 1, 1, 1, 2, 2, 2, 2, 2, 2, 2, 2, 2, 2, 2, 2, 2, 2, 2, 2, 2, 2, 2, 1, 1, 1, 1, 1, 2, 2, 2, 2, 2, 2, 2, 2, 2, 2, 2, 2, 2, 2, 1, 1, 1, 1, 1, 1, 1, 1, 1, 2, 2, 2, 2, 2, 2, 2]"
"[0.15949281878988555, 0.19111384447273594, 0.2191513619196628, 0.2431811444086015, 0.24499435947399248, 0.21203210386205298]","[1, 1, 1, 1, 1, 1]"
"[0.38505146772534377, 0.24807123628900882, 0.2271204927786467, 0.21199997061327316, 0.32842065047461816, 0.7133169293208823, 1.739947977059761, 1.5654165191465923, 1.7143174985867555, 2.293953562823662, 1.837757836095472, 2.2505782382458634, 2.3629200450459065, 2.0446875605370938, 1.8648781119469775, 1.8554931928045357, 2.4729105802747693, 1.9940966201265287, 2.28734266457429, 1.9199080610495871, 1.6697849890831924, 0.7403363215282798, 0.17818347525105224, 0.16828261891440277, 0.1305156811716644, 0.14136023153424282, 0.1554657200374752, 0.10633911668085157, 0.08082273780024814, 0.2075274052272077, 0.5106982942719975, 1.650727141263252, 1.9089099129479734, 1.722246999670753, 1.6681106122866476, 1.8099835580806518, 1.5917121825834741, 1.9334729334357004, 2.1488740627878564, 1.7664157406705152, 1.5189242042921407, 1.5131624499752347, 1.4614093639800547, 1.6873500268732666, 1.302716749460988]","[1, 1, 1, 1, 1, 2, 2, 2, 2, 2, 2, 2, 2, 2, 2, 2, 2, 2, 2, 2, 2, 2, 1, 1, 1, 1, 1, 1, 1, 1, 1, 2, 2, 2, 2, 2, 2, 2, 2, 2, 2, 2, 2, 2, 2]"
"[3.2903709385244353, 5.7334278935841185, 5.42137553298172, 6.0045693820927895, 6.142779319075579, 7.505981877894632, 7.208402444083675, 2.9462665918394126, 1.7566648787222294, 2.1299883316823975, 2.0462361878566018, 3.4597289990983815, 8.322905387000423, 6.845125156101658, 7.493702979969548, 6.592878270844621, 9.103735245264998, 8.957357232239758, 4.2596769308146945, 2.50388716793464, 2.3188669032099227, 2.0987806953607957, 1.9535503540545667, 1.969899361394293, 1.569354538848989, 0.5608230929930116, 0.21379559028145623, 0.17143933519053733, 0.36612506780119886, 1.601742710070405, 2.9105400515390545, 2.5359307301535488, 2.2978202752636836, 1.885437878834183, 2.0163059318432124, 2.3828237960900025, 2.356461362122803, 2.7072008709289785, 2.0333059258723525, 4.69407111662661, 6.759389791902446, 7.356219867002912, 7.8593008313980395, 7.456320585961411, 6.773516586458665, 7.436724013224258, 6.862403217251249, 7.001985629569287, 7.073191756674034, 5.073116671773863]","[2, 3, 3, 3, 3, 3, 3, 2, 2, 2, 2, 2, 3, 3, 3, 3, 3, 3, 3, 2, 2, 2, 2, 2, 2, 1, 1, 1, 1, 2, 2, 2, 2, 2, 2, 2, 2, 2, 2, 3, 3, 3, 3, 3, 3, 3, 3, 3, 3, 3]"
"[1.5511788751696816, 1.3367296980187442, 1.2376836737366317, 1.3954357265502688, 1.334468787030673, 1.4212397681170943, 1.6311154812261044, 1.46887901545078, 1.2424687134340293, 0.4182313517214108, 0.1680660123399216, 0.2720354868841903, 0.13003089488774852, 0.16249107602299737, 0.11124982108697086, 0.17721767775103217, 0.4832074724116786, 1.7514562774476192, 2.15490203936453, 2.1344118185453613, 1.8129272733634836, 1.7225414175802536, 1.849670609944163, 1.7506258715367744, 1.6560701838902838, 1.7275437464765617, 1.4333769996250803, 1.824218991464507, 1.7686493788968436, 1.927502955324071, 1.9400346155895354, 1.5369871833798734, 0.9536044975297372, 0.28661817912922855, 0.1597397799119635, 0.10372159175845058, 0.1459020695518825, 0.43621005790711803, 1.6475511713441078, 1.7132927406511609, 1.825672780737768, 1.702330613599025, 1.9730008399670005, 1.7219224836552411, 1.758821280759919, 1.539597807054742, 1.5299927622684815, 1.566121434769827, 1.9368157828612507, 1.6725301848174359]","[2, 2, 2, 2, 2, 2, 2, 2, 2, 1, 1, 1, 1, 1, 1, 1, 1, 2, 2, 2, 2, 2, 2, 2, 2, 2, 2, 2, 2, 2, 2, 2, 2, 1, 1, 1, 1, 1, 2, 2, 2, 2, 2, 2, 2, 2, 2, 2, 2, 2]"
"[1.831441268464095, 1.87199756789716, 1.4321847697274912, 1.779427431839289, 1.598727084002847, 1.4859865522295745, 1.570170640389829, 1.6482942799245879, 1.4951677860478105, 1.751568132332394, 1.7784877754615882, 1.65974454938047, 1.7829064815125328, 1.6839066631940518, 1.6141518815995548, 2.0944984277894783, 2.602255737254589, 2.169174654176083, 1.947761437993315, 1.95889939643528, 1.6719838789806747, 2.3017354129633443, 2.080052886361105, 5.3738832374530645, 7.413704856225055, 6.424019244982898, 6.314535393453474, 6.897393550449173, 7.075076153361227, 6.637815437874996, 7.447458431797363, 10.714796973984823, 1.9614048058954006, 0.5901857195567188, 0.3216856578172933, 1.0677886543219857, 1.4430418551854443, 1.590447134028216, 1.20974609235886, 1.2068535926207147, 1.191387533050338, 1.3085063580077392, 1.4950400821479701, 1.0528042126433532, 1.1282676322008725, 1.354582410698282, 1.2067454998838265, 1.3079248928991307, 1.1191653378854745, 1.381743127427626, 1.436052474127756, 1.2098083411074123, 0.38627626658036157, 0.20882339378372636, 0.28735778968605485, 0.17929410917909408, 0.20336880249251807, 0.1190189590052192, 0.10360239324193748, 0.18382745664297112, 0.11742799097711028]","[2, 2, 2, 2, 2, 2, 2, 2, 2, 2, 2, 2, 2, 2, 2, 2, 2, 2, 2, 2, 2, 2, 2, 3, 3, 3, 3, 3, 3, 3, 3, 3, 2, 1, 1, 2, 2, 2, 2, 2, 2, 2, 2, 2, 2, 2, 2, 2, 2, 2, 2, 2, 1, 1, 1, 1, 1, 1, 1, 1, 1]"
"[0.9913601485220722, 1.7035350498778203, 1.5884970739413669, 1.9645246868843886, 1.9793499101931722, 2.454852509127808, 1.7741543380102847, 2.157928444450527, 2.474740728931774, 2.1178885568101977, 0.8063548385128959, 0.47549792624852083, 0.12992329255772872, 0.2496554185083047, 0.4486999200006636, 1.783152011915955, 2.2147613818694607, 2.1248648101981042, 2.5097266924344304, 2.3766984307761785, 2.7859006583628765, 2.347188857555506, 1.9744394271059693, 2.018408433359896, 2.4807374566079248, 3.40932376384629, 4.392162202061999, 6.283576520110455, 6.808758781158276, 5.086162642709769, 5.079365807409316, 4.885532705766513, 5.598407160634732, 5.7754806681137305, 6.991729980631069, 8.347683654423527, 6.525694079033408, 6.474405510156116, 6.092260963318344, 5.758238857178701, 5.088769530608269, 6.548867232062736, 6.592272667385678, 6.017034270208668, 5.640846325527331, 7.462509957149222, 6.233954939555291, 5.911865700654868, 7.7148692638130525, 5.527079715987204]","[2, 2, 2, 2, 2, 2, 2, 2, 2, 2, 2, 1, 1, 1, 1, 2, 2, 2, 2, 2, 2, 2, 2, 2, 2, 2, 3, 3, 3, 3, 3, 3, 3, 3, 3, 3, 3, 3, 3, 3, 3, 3, 3, 3, 3, 3, 3, 3, 3, 3]"
"[5.27083072451282, 6.636846252886332, 5.7033962461921535, 2.7300818845641923, 2.6217994080543447, 1.6632791479097795, 1.2960547935786193, 1.4828501004365342, 1.8861974154846997, 2.1534518019661495, 2.5329824888192816, 2.3811204897024147, 2.029710654822635, 2.05936478521768, 2.3781318105628957, 2.4297450900846886, 1.8038288745296243, 1.8037523731947447, 1.8078518731557864, 1.8620118555106127, 1.7957906942304553, 1.5266059400632437, 1.6404307559436453, 1.9710726323761207, 1.8358395138952874, 1.548991524817231, 1.8926908515763368, 1.8048852307937384, 1.8682879686627276, 0.4023143405485701, 0.24368292173416367, 0.15461776019664067, 0.20603584519928922, 0.16342427761265405, 0.12341521852546174, 0.1394881002468124, 0.14708644065565846, 0.13929776229084045, 0.3280162165201008, 2.377533575569779, 5.749596454121238, 6.630714972371855, 5.217897277767706, 5.437222869485961, 5.500531891951459, 6.000956690051174, 6.919780870687681, 5.992069495178639, 0.854426664265922, 0.5037266716770497]","[3, 3, 3, 2, 2, 2, 2, 2, 2, 2, 2, 2, 2, 2, 2, 2, 2, 2, 2, 2, 2, 2, 2, 2, 2, 2, 2, 2, 2, 1, 1, 1, 1, 1, 1, 1, 1, 1, 1, 2, 3, 3, 3, 3, 3, 3, 3, 3, 2, 1]"
"[1.250185299272636, 1.2072797238810657, 1.5637677454582521, 1.9078765154310184, 1.333645167197333, 1.4218008206188575, 1.7105200301020123, 1.7655554079477007, 1.4711613319609598, 3.462871381639388, 4.947500416306175, 5.73234325068322, 4.3980888522928945, 5.3573564233729964, 5.310598704744705, 5.02757390251631, 6.679965939820861, 6.0754746891392335, 6.039081112549682, 6.7153703543903225, 2.8277677183084737, 1.666762836902804, 2.3460836647628276, 1.5538578655704538, 1.7234600635327946, 2.0984422118538797, 1.1485945315604673, 0.3590848952506399, 0.2569625671200109, 1.0276534494688014, 1.4833762816927376, 1.2827816178216531, 1.4040101576109683, 1.6749594604408065, 1.6899406511415898, 1.9248675784663987, 2.392474893349418, 2.0022063242224895, 2.0553944747284874, 1.9377420011307533, 1.4020249920202574, 0.32995691021686807, 0.19977991647197813, 0.2174178199505389, 0.9269212914338135, 1.4847157190964932, 1.7830458145632422, 1.6397413432967685, 1.7261920614891302, 2.080397950006523, 1.9180211258717617, 1.6255786536535817, 2.927021892310444, 4.519436993587708, 5.053003682256487, 5.970210121456107, 5.772425368219754, 5.712884689904083, 3.235879924856115, 2.261982939983573, 1.7689768979946356, 1.5869162760922852, 1.6015788464310285, 2.2488090019944225, 1.6348742159712664, 1.8476510419329608, 1.189844370200237, 1.9254163748832043, 1.4265667112275793, 0.9240572015064323, 0.9754954617869666, 1.254811204230977, 1.166499205827458, 0.6357954088972673, 0.5520816857549797, 0.294277745859859]","[2, 2, 2, 2, 2, 2, 2, 2, 2, 2, 3, 3, 3, 3, 3, 3, 3, 3, 3, 3, 2, 2, 2, 2, 2, 2, 2, 1, 1, 2, 2, 2, 2, 2, 2, 2, 2, 2, 2, 2, 2, 1, 1, 1, 2, 2, 2, 2, 2, 2, 2, 2, 2, 3, 3, 3, 3, 3, 2, 2, 2, 2, 2, 2, 2, 2, 2, 2, 2, 2, 2, 2, 2, 2, 1, 1]"
"[1.539247428231899, 1.9629819706944645, 1.8776153869173726, 1.2557249255215717, 1.8847732402638109, 1.9854929113509974, 2.197730117842706, 1.6067399403740723, 2.1905701851735584, 2.310682738936654, 1.7144851941436512, 1.708469346925565, 4.802721517000628, 6.077106569132564, 7.235323173146155, 6.670180533944139, 6.788205341111653, 5.166098716565018, 2.0983211230380285, 1.8670699308793883, 2.160845141195657, 1.8870380690667667, 1.5622692732093264, 1.9587314852199373, 1.4799681858278129]","[2, 2, 2, 2, 2, 2, 2, 2, 2, 2, 2, 2, 3, 3, 3, 3, 3, 3, 2, 2, 2, 2, 2, 2, 2]"
"[0.9234181000419448, 1.3926005188541444, 1.563242693073716, 1.3629483800503421, 1.2351894188348205, 1.297110187869276, 1.3554206823165544, 1.8083901158645668, 1.317958324164861, 4.001702697244693, 4.364657142989026, 6.412251066105775, 5.571968256437149, 6.965529413865529, 5.867182594459729, 6.503419178903703, 5.433226433186402, 5.9165450586481, 7.22196247021535, 4.102469109255615, 1.970096756331949, 1.9500177946722568, 1.260089071808508, 1.37503448998885, 1.8252359755503025, 1.556974466296635, 2.1177750062802367, 2.606423531843997, 5.23136465167989, 7.061152948133912, 8.262705981626315, 8.50759550823086, 5.147091247030105, 5.65328858751029, 4.7778636909970835, 6.299293132829505, 5.567876254966646, 5.681952262852008, 6.310241166493564, 7.180140005575651, 6.722208785726796, 6.082012343158932, 6.0408036785219394, 7.118614607267313, 6.75668415215633, 6.35777631567513, 6.274877837599865, 6.456127733883576, 7.075306288857387, 6.633105488015721]","[2, 2, 2, 2, 2, 2, 2, 2, 2, 3, 3, 3, 3, 3, 3, 3, 3, 3, 3, 3, 2, 2, 2, 2, 2, 2, 2, 2, 3, 3, 3, 3, 3, 3, 3, 3, 3, 3, 3, 3, 3, 3, 3, 3, 3, 3, 3, 3, 3, 3]"
"[6.572637887445638, 6.813922663024147, 6.024318132368952, 2.9714474164807627, 2.6126705022297125, 1.798558256476741, 1.8717557336178672, 1.4749873587550768, 1.2448126842414389, 1.224729368523379, 1.231889604955581, 1.2624099904308252, 1.2597319753523204, 1.3248338558970234, 1.5529246009870052, 1.3905384270809988, 1.5899007442491984, 1.3127697728076846, 1.349763010522118, 1.2403630473576988, 1.7751294578921104, 1.2661571098745272, 1.3556259724027138, 1.3602758523426295, 1.3520211024516846, 2.0858626271587544, 6.192904071349577, 5.58689249684747, 6.3184101969217386, 7.767341304483751, 6.054721177083472, 5.737062716872153, 5.832240312089105, 6.5159416158707755, 6.254431140263723, 6.141196338506258, 5.926207858614008, 6.227189013908329, 6.148540400234384, 5.651740902906557, 5.257446329031553, 6.422855426870853, 6.136249096225765, 6.386814404893505, 5.445273189322987, 5.551360809571015, 6.685096405158091, 6.556133972666374, 6.027503063884085, 6.548441734206644]","[3, 3, 3, 2, 2, 2, 2, 2, 2, 2, 2, 2, 2, 2, 2, 2, 2, 2, 2, 2, 2, 2, 2, 2, 2, 2, 3, 3, 3, 3, 3, 3, 3, 3, 3, 3, 3, 3, 3, 3, 3, 3, 3, 3, 3, 3, 3, 3, 3, 3]"
"[6.236871061469165, 6.547753517859869, 7.660092216657078, 6.225995947189273, 6.637167925773457, 6.4757695651175355, 7.160936407836828, 7.3841108132119055, 1.7854197092574489, 0.44689677814571865, 0.29651498846251406, 0.18351819842306036, 0.554694652485202, 0.31486655598595276, 0.18118871455780436, 0.25218444029140075, 0.8998623143479272, 1.3098613872927485, 1.6103820349178446, 1.9689912873871886, 1.672396554760164, 1.9017478004056056, 1.481216021279508, 1.5025998606046327, 1.6055617423761697, 1.3868062548517148, 1.4214216924962437, 1.6005700262281357, 2.23371507991953, 1.9338325258085223, 1.5521528710544361, 1.435676649694389, 1.2792101348582336, 1.2824764949281517, 1.0156174038044667, 1.4722128715586251, 1.354482285659049, 1.5489019589472803, 1.419923574961125, 4.288435972008123, 5.758634933091176, 5.956669228621596, 5.279226635417845, 5.664343632934681, 6.860961056133573, 2.523105394827812, 1.7412658974142756, 1.5991559240158748, 1.3808874747119473, 1.657394171214551]","[3, 3, 3, 3, 3, 3, 3, 3, 2, 1, 1, 1, 1, 1, 1, 1, 2, 2, 2, 2, 2, 2, 2, 2, 2, 2, 2, 2, 2, 2, 2, 2, 2, 2, 2, 2, 2, 2, 2, 3, 3, 3, 3, 3, 3, 2, 2, 2, 2, 2]"
"[1.080691225811457, 0.4236785640329624, 0.1579622617217317, 0.11740150205211144, 0.11482514161930193, 0.08215378743594799, 0.7050671449254697, 1.4381061272054214, 1.8540474934776343, 1.7098340168908077, 1.5854402511826435, 1.7630176417697638, 1.6059561737188548, 1.29806609862022, 1.0445572453298761, 1.106652392336602, 1.6855428316472167, 1.4664603588658753, 2.0036667363511014, 1.740445776821893, 0.9855927821798823, 0.22083034261067444, 0.26283891242346585, 0.14665042560622024, 0.15606859713699556, 0.09842790756103711, 0.2724089119602975, 0.48442434894642206, 1.1423694141224656, 1.553462461789112, 1.5760661996239458, 1.4413519775770356, 1.435255186508957, 1.806870686551956, 1.7942693284820934, 1.5163694779608772, 1.7031919597844023, 2.281460195714543, 1.8164616812429497, 1.991610722370669, 2.5117865205462913, 2.347729165143582, 2.194126873821598, 2.2669301173766274, 4.790139384529897, 5.717806215385663, 5.414059576968516, 5.342809651317731, 6.0005475125718135, 5.722623110218311]","[2, 1, 1, 1, 1, 1, 2, 2, 2, 2, 2, 2, 2, 2, 2, 2, 2, 2, 2, 2, 2, 1, 1, 1, 1, 1, 1, 1, 2, 2, 2, 2, 2, 2, 2, 2, 2, 2, 2, 2, 2, 2, 2, 2, 3, 3, 3, 3, 3, 3]"
"[6.035927488490047, 4.8445584196721265, 5.221452944560094, 4.384420534984697, 4.829433187009918, 4.589474177764254, 4.770170854700602, 6.122780895693648, 6.56673853430624, 6.06662859348781, 5.70386900289578, 5.869608403386105, 6.586777601504676, 5.320223298635268, 5.298701640651782, 6.356697259798751, 4.583721402470729, 1.7983165424261602, 1.7391183715965632, 1.5531752265719114, 1.9482599410703698, 1.6053192131911476, 1.19305262278992, 1.596821560989777, 1.6938506854589317, 1.974917977501474, 1.720186801070811, 2.2956828496918478, 1.5138796592503712, 0.5244328886109733, 0.2654481041366496, 0.16777204539842117, 0.17141276560057514, 0.1268207463728532, 0.15405128273455798, 0.25379995512214726, 0.11557601149921647, 0.21068649739355258, 0.8142203076572561, 1.1963611462049542, 1.3574987283333928, 1.5797172512050066, 1.1976714186531259, 1.5270056941573342, 1.499004107224943, 1.550798447114877, 1.3159600893205419, 1.4973607323928833, 1.1633834051129126, 1.3330058003966587]","[3, 3, 3, 3, 3, 3, 3, 3, 3, 3, 3, 3, 3, 3, 3, 3, 3, 2, 2, 2, 2, 2, 2, 2, 2, 2, 2, 2, 2, 1, 1, 1, 1, 1, 1, 1, 1, 1, 2, 2, 2, 2, 2, 2, 2, 2, 2, 2, 2, 2]"
"[1.6175413642227738, 1.6092983005529695, 1.4046233315663306, 1.0488189145494435, 1.7688299012965247, 1.1681144718120533, 1.497124253214699, 1.8893400142808685, 2.128630098096975, 1.6154465718625648, 1.7904466749757955, 2.5329774183391653, 5.186115386501714, 4.8148792106327925, 6.104888937916877, 5.037052616003615, 4.86169599823115, 6.916012930812404, 6.435914391297344, 5.3812278904667785, 5.36458160929403, 5.3898580342344, 7.195858966671027, 6.069068757527872, 5.26233657506878, 4.984881003297027, 6.281153612112055, 6.0272184736985706, 5.653813004048325, 6.164324815378727, 5.626158707664649, 6.512208616837021, 4.934113903981601, 5.375338836917344, 5.54816577494738, 6.2875289134069385, 4.991412216548629, 6.325761934681895, 6.084046944290028, 7.005382528661101, 5.140402342285852, 4.411716817295402, 5.270076528239756, 5.552352235021114, 5.66807593685131, 5.706905006509735, 4.95789365099224, 5.878662117475155, 5.577744015750589, 6.715983495840682, 6.705571306447983, 4.843491494598004, 4.72296507516675, 4.364050833517545, 6.446558128902613, 6.478693672641453, 3.678282721051776, 1.9959345532963766, 1.4378452681398395, 1.3071375183860647]","[2, 2, 2, 2, 2, 2, 2, 2, 2, 2, 2, 2, 3, 3, 3, 3, 3, 3, 3, 3, 3, 3, 3, 3, 3, 3, 3, 3, 3, 3, 3, 3, 3, 3, 3, 3, 3, 3, 3, 3, 3, 3, 3, 3, 3, 3, 3, 3, 3, 3, 3, 3, 3, 3, 3, 3, 3, 2, 2, 2]"
"[0.167068348052482, 0.09840359766271693, 0.08418704527886536, 0.13261570453200422, 0.09020315067983135, 0.09652115059565552, 0.0980167412187578, 0.06913545178468467, 0.33926897582221116, 1.1304478653401007, 1.1909184912298914, 1.7960265659654613, 2.176680064369035, 1.6208065153786384, 1.9987450900432537, 2.012329413090643, 2.3558109001814627, 1.698346353458068, 1.6113285947664389, 1.5935803359531235, 1.7012977230528818, 1.9815539116216536, 2.166203166742478, 2.293631550259363, 1.738723356267798, 1.8803437384798685, 1.5573795881648507, 1.293633530469422, 1.744669398782439, 1.8343256521952438, 2.1567184045506944, 1.7793429538075598, 2.700835691646635, 5.2595149192528625, 6.17056645418634, 5.758067351363621, 5.434921962430748, 5.38420165143296, 5.401910123837066, 4.2133365209429225, 6.290730429848819, 6.443404527829625, 5.62834635784333, 5.328495894518067, 7.578295725783141, 5.556575795013961, 5.63887983791003, 5.539659410923333, 6.1178679923499715, 6.342145682518763]","[1, 1, 1, 1, 1, 1, 1, 1, 1, 2, 2, 2, 2, 2, 2, 2, 2, 2, 2, 2, 2, 2, 2, 2, 2, 2, 2, 2, 2, 2, 2, 2, 2, 3, 3, 3, 3, 3, 3, 3, 3, 3, 3, 3, 3, 3, 3, 3, 3, 3]"
"[6.624704896473845, 7.473254259769276, 7.3784405349849695, 7.022829585936686, 6.785005877281343, 4.386235587516073, 1.7785323932082004, 2.154895112726371, 1.9687274843158704, 2.0274740277783736, 1.681104997866821, 1.9266076571797248, 1.7483144649419702, 2.1026932284141377, 1.343999417973847, 0.512448427858456, 0.1539772475579925, 0.11359553951542478, 0.11559620909406725, 0.4761374167759586, 1.2699863907587698, 1.7994177897412431, 1.7079732935245178, 1.8042287394944947, 1.8692399329063683, 2.0043871411413905, 1.9693887161630075, 2.114580517517217, 2.9969932696870147, 6.467163230321864, 5.913175047547006, 5.041249187480249, 6.836828568034241, 6.568623651140866, 6.436680736783611, 7.31279099206826, 6.2658940751456145, 5.995823230173732, 5.920009890366543, 5.452648226852321, 6.307309681077998, 3.1984424322080462, 2.009439678374521, 2.177721813557874, 2.4170584517206772, 1.8552663213954304, 2.560884235774012, 2.252418596312107, 2.0587561184416967, 1.9362772336633178, 1.300273064330084, 1.0988282913477598, 0.6330698899921653, 0.27435864107818786]","[3, 3, 3, 3, 3, 3, 2, 2, 2, 2, 2, 2, 2, 2, 2, 1, 1, 1, 1, 1, 2, 2, 2, 2, 2, 2, 2, 2, 2, 3, 3, 3, 3, 3, 3, 3, 3, 3, 3, 3, 3, 2, 2, 2, 2, 2, 2, 2, 2, 2, 2, 2, 2, 1]"
"[4.975057217073606, 6.165546816897761, 6.2051747527054, 7.130287189288722, 6.5120183273614884, 6.1922414196387425, 6.257967347976575, 6.2344797836537, 5.6472109085624504, 2.190101791145249, 1.714638425608863, 1.7429677209484375, 1.9885473905912485, 1.9820519253910425, 1.9453523138205346, 1.810117659569699, 1.479799680925806, 1.7241415421986466, 4.753489801608346, 5.238288679394639, 5.677026530027107, 6.975319321202651, 6.638041150740213, 5.7694614822913115, 6.983104639081157, 7.060444423311228, 6.3244610585274055, 6.283604939397451, 6.0142353295469375, 6.273769885029371, 6.4625400327790326, 4.328938576197923, 2.133345753280035, 1.7326380730758077, 1.7117093722021277, 2.026820389162137, 1.9827406356938673, 1.8319922675668716, 4.947316248338875, 8.224195741269169, 5.973562065043643, 5.976541825049181, 5.3045040921922615, 5.572831634774891, 6.087418527334688, 5.07465555959944, 5.765493635313688, 4.92732612819245, 3.054094883580244, 2.1178564345812414, 2.228339217063605, 2.0006353402701165, 2.0281579201108273, 1.540101276889797, 1.629741692446359, 1.6568447723416397, 1.5526383547533356, 0.4966599575470454, 0.16786993200521713, 0.10804756639370608, 0.11422440803411989, 0.12728538780887436, 0.17181694618695978, 0.13530686955760626, 0.15240390582264662, 0.2583895590392634, 0.18750938608461873, 0.14835227173522236, 0.13839690989657108, 0.11271496384253032, 0.11096252921019625, 0.10301501030160518, 0.31683826890483185, 1.8346617976231239, 1.8703958193946186, 2.1657281529034034, 2.394120380277529, 2.036103870363914, 1.9523957983555547, 1.7329837984694239, 1.878396040789538, 1.8438136338265543, 1.56047864096948, 1.6530522243591101, 1.624877329240725, 1.8330675621096615, 1.1524801970806748]","[3, 3, 3, 3, 3, 3, 3, 3, 3, 2, 2, 2, 2, 2, 2, 2, 2, 2, 3, 3, 3, 3, 3, 3, 3, 3, 3, 3, 3, 3, 3, 3, 2, 2, 2, 2, 2, 2, 3, 3, 3, 3, 3, 3, 3, 3, 3, 3, 2, 2, 2, 2, 2, 2, 2, 2, 2, 1, 1, 1, 1, 1, 1, 1, 1, 1, 1, 1, 1, 1, 1, 1, 1, 2, 2, 2, 2, 2, 2, 2, 2, 2, 2, 2, 2, 2, 2]"
"[0.08167571219012355, 0.10538085799412096, 0.10457566986458883, 0.066344306936525, 0.07080383793271636, 0.049577977935002016, 0.07937366509234152, 0.14380438911346452, 0.1480014936436261, 0.12009351043046868, 0.10527135643273222, 0.08613948379673386, 0.13191630668969567, 0.11440594433772867, 0.3609781994288357, 1.3937120852762162, 1.710417003833456, 2.2736231328808394, 2.0536819650707696, 2.3891961997198212, 2.0206831543102965, 2.040261800261769, 1.8737729676306152, 1.9864480645789573, 2.7206698414154378, 2.193167066801806, 1.8938350745181083, 1.9649944095932954, 1.894011064426554, 1.644789152743713, 1.4623379393303082, 1.965684739982371, 1.9763544266022186, 1.6158448469708686, 2.265701250649195, 2.0934777249315983, 2.1894252002818875, 2.008429300846315, 1.9819250701462994, 1.9646944300752844, 1.9504809546173436, 2.2350684490903365, 2.139339220959491, 2.0528136259526724, 2.225256743996394, 2.3496032804881657, 1.4187896568532024, 0.5876202888879279, 0.11756315934086581, 0.11959760253082469]","[1, 1, 1, 1, 1, 1, 1, 1, 1, 1, 1, 1, 1, 1, 1, 2, 2, 2, 2, 2, 2, 2, 2, 2, 2, 2, 2, 2, 2, 2, 2, 2, 2, 2, 2, 2, 2, 2, 2, 2, 2, 2, 2, 2, 2, 2, 2, 1, 1, 1]"
"[0.08318018659093966, 0.06610058254143715, 0.07883446179155416, 0.14701671995794258, 0.202804369032533, 0.23549930006029185, 1.9464842685782011, 2.166291806307669, 1.8520205068046252, 1.793737919668806, 1.8612307736607356, 1.9640475719827135, 1.7835305478907595, 1.469117430169242, 1.7108414104228058, 2.061443921372847, 5.150758809934807, 6.033815456320871, 4.628405492408239, 5.155248230554966, 6.13454472559416, 6.8499268618377505, 6.235201068216246, 5.797197683005914, 5.856601185024979, 6.931961070835997, 6.109620933923453, 6.226583844979464, 6.621584420590158, 7.361945602094766, 5.483654918397757, 1.561371631441145, 1.5074180415364549, 1.1983308725099564, 1.626478986451971, 1.8906871820303603, 1.751333018679241, 1.8282810020584181, 1.827614373294741, 1.8542491099242624, 1.822837170339065, 1.212412865724534, 1.5872562906027314, 1.740508308152758, 1.9675963867720174, 1.7233384090797494, 1.6688967387980782, 2.9556304742305377, 6.57657219221375, 7.091687532338234]","[1, 1, 1, 1, 1, 1, 2, 2, 2, 2, 2, 2, 2, 2, 2, 2, 3, 3, 3, 3, 3, 3, 3, 3, 3, 3, 3, 3, 3, 3, 3, 2, 2, 2, 2, 2, 2, 2, 2, 2, 2, 2, 2, 2, 2, 2, 2, 2, 3, 3]"
"[7.074005392962083, 6.635495547824555, 6.238011295843801, 6.54925638034249, 4.943501022447276, 5.60760193974102, 4.2475648250571245, 5.448175303128608, 6.842305102701038, 6.7050909654580835, 7.040571926861046, 7.089142860954418, 7.389972377658283, 8.366380032442219, 6.4788651596473406, 5.787744061016786, 6.179234571472035, 6.374184161532811, 7.091032486993344, 3.935715741009789, 2.0807996094728476, 1.8199576724871056, 1.8195225655073104, 2.0919811719650387, 1.5559947284455646, 0.7505404882700407, 0.4140815785482097, 0.15367565363312963, 0.13625022689919394, 0.1353775852657128, 0.11515020947592555, 0.1302636058716252, 0.42622260282629254, 4.125552998519292, 5.89305080525228, 7.980085359005375, 6.174306391590866, 6.614310497907119, 6.254549857505469, 7.62215252536619, 7.833353674156723, 3.4226439620995435, 2.5099051858093353, 1.8584335343730631, 1.680867594326083, 1.326664384137883, 1.3619498409333182, 0.9729362708175466, 1.2019853736505304, 1.0370045337174547]","[3, 3, 3, 3, 3, 3, 3, 3, 3, 3, 3, 3, 3, 3, 3, 3, 3, 3, 3, 3, 2, 2, 2, 2, 2, 2, 1, 1, 1, 1, 1, 1, 1, 3, 3, 3, 3, 3, 3, 3, 3, 2, 2, 2, 2, 2, 2, 2, 2, 2]"
"[1.531055243677324, 1.440239533201615, 1.4128807933457983, 1.505109721565834, 1.2042137089822484, 1.593070784377486, 1.312384894262661, 1.39691853357156, 1.4431693350905255, 0.8228256526451506, 0.2987182622312453, 0.296463534376437, 0.20915348620012553, 0.24676118696717136, 1.3137014442357298, 1.8139585396736877, 1.9252879064017867, 2.216544420792488, 2.1294307757495745, 2.2057953992177897, 1.7865879866354106, 1.9763506184925927, 1.9069691017385433, 1.63483232000521, 2.2083466920935835, 2.0657291319819446, 5.240762095103255, 6.634188166136246, 7.3998743030753324, 7.70828820150557, 6.593927062753694, 7.5890114467795025, 7.218549762894436, 7.753040460670649, 7.758908525614963, 6.689658267621261, 5.807666991467265, 8.073634500936608, 6.521920751295188, 6.152478067455088, 7.522272650026005, 3.7970556847685852, 2.2787547421021253, 3.1875023787150782, 2.443272547275476, 2.0985762974204736, 2.6155037646048305, 2.3770049654213263, 1.6636174012704885, 1.755509804653209]","[2, 2, 2, 2, 2, 2, 2, 2, 2, 2, 1, 1, 1, 1, 2, 2, 2, 2, 2, 2, 2, 2, 2, 2, 2, 2, 3, 3, 3, 3, 3, 3, 3, 3, 3, 3, 3, 3, 3, 3, 3, 3, 2, 2, 2, 2, 2, 2, 2, 2]"
"[2.444314691216529, 1.9186831889614515, 1.8323291786460243, 1.8601318454320346, 2.223705205655089, 2.3596869855314675, 2.7338998376036816, 4.544763720330665, 7.316682781554711, 7.566879323735572, 6.011800262892859, 7.291668878831557, 6.582760908572655, 7.881895319476729, 7.158285037828603, 6.411707822534458, 5.369612838771575, 5.110962289330068, 5.380345765607551, 6.878682333362293, 5.0560821665470534, 6.99282667974485, 5.133901187850683, 0.37356789032159826, 0.22575758470170254, 0.14620602766852073, 0.41399728376777034, 0.3280820763681014, 0.16591821057980144, 0.160660320663644, 0.18562087657331816, 0.5454165992006619, 1.2597437202162112, 1.6083683270898135, 1.6410644434709158, 1.9243563105607422, 1.6747360192442613, 1.9849461038591207, 1.7031912733201815, 1.4282748871537188, 1.225214122932547, 1.0813834666122915, 1.2856742873510592]","[2, 2, 2, 2, 2, 2, 2, 3, 3, 3, 3, 3, 3, 3, 3, 3, 3, 3, 3, 3, 3, 3, 3, 1, 1, 1, 1, 1, 1, 1, 1, 1, 2, 2, 2, 2, 2, 2, 2, 2, 2, 2, 2]"
